lon,lat
23.602150,120.579408
23.601931,120.579572
23.601807,120.579434
23.602262,120.581095
23.602596,120.580855
23.602597,120.581198
23.602356,120.581536
23.602450,120.581935
23.602498,120.582068
23.602678,120.581773
23.603038,120.581380
23.600403,120.583532
23.599869,120.583364
23.600067,120.583561
23.599789,120.584032
23.599442,120.583985
23.599167,120.583866
23.599535,120.583418
23.600852,120.584323
23.600653,120.585425
23.599978,120.585309
23.600174,120.585538
23.600203,120.585668
23.599435,120.585331
23.599472,120.585045
23.599182,120.586417
23.599366,120.586684
23.599426,120.586865
23.597423,120.585840
23.597347,120.587163
23.597355,120.587659
23.597161,120.587891
23.598480,120.586394
23.598300,120.586415
23.598007,120.586528
23.597915,120.586666
23.597824,120.586896
23.597747,120.587127
23.598755,120.586944
23.597275,120.588829
23.596939,120.589947
23.596320,120.590074
23.595810,120.590856
23.596295,120.591561
23.596405,120.591568
23.595911,120.591898
23.595581,120.591861
23.595400,120.591699
23.595291,120.591392
23.595016,120.591278
23.594844,120.591110
23.594352,120.591385
23.594256,120.591556
23.593834,120.591631
23.593695,120.591780
23.593531,120.592082
23.593388,120.592234
23.594571,120.591224
23.594571,120.591224
23.594785,120.590778
23.594589,120.590889
23.594681,120.590504
23.594536,120.590515
23.594453,120.590101
23.594299,120.589842
23.593949,120.589793
23.593948,120.590194
23.593898,120.590375
23.596085,120.593305
23.596097,120.593359
23.596157,120.593578
23.596325,120.593839
23.596467,120.594202
23.594955,120.595882
23.594472,120.597553
23.594188,120.597385
23.594017,120.597251
23.593860,120.597027
23.593491,120.596706
23.594378,120.597519
23.593964,120.598792
23.593642,120.599269
23.593308,120.601759
23.592873,120.600885
23.592834,120.601269
23.592529,120.601130
23.592178,120.601181
23.591943,120.601509
23.591971,120.602014
23.592068,120.601953
23.591785,120.602347
23.591768,120.602709
23.589715,120.606299
23.589127,120.606186
23.588745,120.606348
23.587264,120.606573
23.586828,120.606031
23.586609,120.605544
23.586343,120.604760
23.586345,120.604396
23.586274,120.603937
23.586356,120.603300
23.586258,120.602943
23.586306,120.602501
23.586411,120.602265
23.586714,120.602232
23.586919,120.602520
23.587204,120.602618
23.587213,120.602754
23.585987,120.602610
23.586061,120.603241
23.585965,120.603476
23.585862,120.603694
23.586044,120.602829
23.585876,120.602103
23.585789,120.602811
23.585759,120.602934
23.585632,120.602947
23.585417,120.603216
23.585388,120.603465
23.585337,120.604025
23.585367,120.604199
23.585334,120.604342
23.585223,120.604381
23.585235,120.604423
23.585175,120.604729
23.585617,120.602826
23.585388,120.602969
23.585510,120.602508
23.585368,120.602554
23.585175,120.602660
23.584624,120.602606
23.584473,120.602441
23.585369,120.602342
23.585022,120.602395
23.584762,120.602334
23.585175,120.602254
23.585233,120.602185
23.585125,120.601948
23.584771,120.601858
23.585709,120.601817
23.585225,120.601533
23.585431,120.601382
23.584991,120.601268
23.583940,120.603197
23.584667,120.600578
23.584726,120.600191
23.584641,120.599897
23.584792,120.599571
23.584888,120.599309
23.585021,120.598888
23.585175,120.598543
23.585932,120.597291
23.586136,120.596218
23.586547,120.595428
23.586708,120.594999
23.586945,120.594588
23.587226,120.594226
23.587524,120.593879
23.587875,120.593507
23.588215,120.593295
23.589465,120.596107
23.588953,120.599278
23.588895,120.599582
23.588729,120.599747
23.588729,120.599747
23.588889,120.600796
23.589001,120.600123
23.588921,120.599953
23.590042,120.590590
23.589968,120.591139
23.592190,120.597958
23.592254,120.598359
23.593626,120.598925
23.594573,120.598571
23.593155,120.592335
23.595138,120.598575
23.595131,120.598441
23.589356,120.590789
23.588891,120.590980
23.588511,120.591175
23.588251,120.591248
23.586945,120.590970
23.587272,120.591026
23.588023,120.590911
23.588254,120.590552
23.588190,120.590440
23.588126,120.590216
23.592883,120.598781
23.592744,120.598959
23.592549,120.599045
23.592304,120.599081
23.591859,120.599127
23.591537,120.599522
23.594071,120.596729
23.594374,120.596542
23.594439,120.596500
23.596232,120.586047
23.596458,120.585712
23.596008,120.586400
23.596099,120.586693
23.596080,120.586548
23.597354,120.586162
23.593858,120.586778
23.594001,120.586045
23.594335,120.585932
23.594020,120.585068
23.594704,120.584371
23.594671,120.584298
23.594320,120.584875
23.594430,120.584823
23.584987,120.601720
23.585596,120.602354
23.586081,120.596591
23.586568,120.604286
23.597800,120.588288
23.584219,120.602288
23.525767,120.602281
23.585494,120.603749
23.585575,120.604057
23.585690,120.604315
23.586197,120.603574
23.585597,120.603296
23.597297,120.586679
23.297310,120.586465
23.598919,120.587211
23.594351,120.598382
23.593371,120.601581
23.595819,120.598399
23.594912,120.597508
23.595227,120.597378
23.594379,120.598951
23.598031,120.613272
23.594767,120.584670
23.593960,120.585139
23.593843,120.585681
23.602262,120.579323
23.589811,120.590038
23.590648,120.589769
23.590047,120.590605
23.590285,120.590367
23.586315,120.595774
23.593347,120.592418
23.597357,120.588364
23.604278,120.573386
23.603963,120.573222
23.603816,120.573110
23.603858,120.573372
23.603960,120.573739
23.601354,120.570532
23.601669,120.570199
23.601685,120.570068
23.601766,120.569575
23.598959,120.575612
23.598999,120.575776
23.598766,120.574942
23.599144,120.574779
23.597786,120.572202
23.592900,120.573936
23.589096,120.567516
23.588935,120.567362
23.588722,120.566947
23.589766,120.567837
23.590077,120.568069
23.590317,120.568169
23.595860,120.575376
23.595860,120.575376
23.595563,120.575677
23.595563,120.575677
23.595396,120.575961
23.595396,120.575961
23.596283,120.575815
23.595391,120.576456
23.595305,120.576533
23.595075,120.576663
23.594323,120.576990
23.594151,120.577134
23.594458,120.576689
23.594508,120.576469
23.595296,120.576285
23.595280,120.575828
23.596196,120.578922
23.596207,120.579218
23.596085,120.578929
23.594515,120.578151
23.594625,120.584223
23.594731,120.583898
23.594848,120.583508
23.594917,120.583146
23.594860,120.582929
23.594894,120.582449
23.594915,120.582076
23.594725,120.581584
23.593682,120.583900
23.591569,120.588648
23.590755,120.589963
23.591289,120.588595
23.591018,120.588730
23.590651,120.588964
23.594964,120.578406
23.595279,120.578637
23.595164,120.577884
23.595164,120.577884
23.596047,120.562382
23.596542,120.564304
23.596565,120.564543
23.596141,120.564523
23.595707,120.564699
23.595734,120.565069
23.595477,120.565441
23.595267,120.565465
23.594905,120.565454
23.594711,120.565541
23.595321,120.564923
23.595133,120.564608
23.594597,120.564477
23.594510,120.564261
23.594360,120.564417
23.594224,120.564220
23.593765,120.564381
23.593654,120.564650
23.593806,120.564760
23.593479,120.563941
23.593184,120.564272
23.593128,120.563406
23.592926,120.562915
23.592886,120.562647
23.592855,120.562280
23.593084,120.562155
23.593229,120.562103
23.593979,120.562025
23.594428,120.562073
23.594596,120.561986
23.595025,120.562169
23.595353,120.562107
23.594517,120.561806
23.594479,120.561527
23.592674,120.562010
23.592324,120.561640
23.591588,120.561619
23.591317,120.561720
23.591196,120.561194
23.591268,120.560749
23.591270,120.560517
23.591232,120.561040
23.591540,120.560786
23.591685,120.560624
23.592011,120.559317
23.590500,120.561513
23.589883,120.561393
23.589541,120.561113
23.588679,120.566489
23.589512,120.567697
23.589513,120.567934
23.589996,120.573377
23.589953,120.573684
23.587260,120.573546
23.587302,120.573914
23.586971,120.574213
23.592021,120.573425
23.594151,120.577474
23.594381,120.577553
23.595310,120.578093
23.595565,120.578933
23.593224,120.583034
23.593517,120.584126
23.593517,120.584126
23.590851,120.587068
23.591029,120.586780
23.591208,120.586622
23.591208,120.586363
23.591337,120.586011
23.591474,120.585685
23.591481,120.585633
23.603302,120.572567
23.603211,120.572269
23.601240,120.570686
23.601848,120.569188
23.594480,120.561570
23.604287,120.573691
23.594813,120.581513
23.591189,120.586417
23.595173,120.575684
23.594812,120.576888
23.595372,120.276887
23.591442,120.567971
23.591587,120.568171
23.592859,120.573505
23.592456,120.573438
23.616122,120.582137
23.615879,120.582331
23.615690,120.582590
23.615442,120.582472
23.615506,120.582952
23.615391,120.583373
23.615213,120.583816
23.615060,120.584204
23.614856,120.584370
23.614624,120.584598
23.614288,120.584908
23.614098,120.585266
23.613993,120.585680
23.613807,120.586099
23.613577,120.586431
23.613326,120.587049
23.611811,120.592950
23.611913,120.593036
23.611679,120.593283
23.611522,120.593479
23.611533,120.593884
23.610838,120.594388
23.610959,120.594483
23.610707,120.594882
23.610598,120.595145
23.610530,120.595642
23.610564,120.595981
23.610536,120.596239
23.610566,120.596335
23.610578,120.597434
23.611055,120.598555
23.611350,120.598760
23.611935,120.599037
23.612257,120.599433
23.612473,120.599751
23.612722,120.600092
23.613421,120.602575
23.613303,120.602972
23.613264,120.603258
23.613329,120.603505
23.613204,120.604006
23.613111,120.604388
23.613020,120.604688
23.613177,120.605401
23.613336,120.605429
23.613505,120.605473
23.612882,120.605612
23.613191,120.605977
23.613030,120.605801
23.613241,120.605752
23.612608,120.605569
23.612918,120.605973
23.612834,120.606119
23.612912,120.606267
23.612505,120.605882
23.612377,120.606182
23.612603,120.606468
23.612666,120.606615
23.612581,120.606706
23.611852,120.608332
23.611982,120.608445
23.612347,120.608795
23.612479,120.608825
23.612738,120.608704
23.613001,120.608752
23.613088,120.608377
23.612149,120.609039
23.612350,120.609173
23.612415,120.609139
23.612585,120.609374
23.612614,120.609492
23.612811,120.609636
23.611526,120.608554
23.611554,120.609306
23.611694,120.609213
23.611646,120.609694
23.611697,120.609834
23.611554,120.609940
23.611260,120.609798
23.611843,120.610142
23.611837,120.610540
23.612019,120.608001
23.611623,120.608182
23.611415,120.608395
23.611149,120.608515
23.610852,120.608654
23.610416,120.609285
23.609875,120.609394
23.610030,120.608752
23.609026,120.609189
23.608637,120.609346
23.608389,120.609450
23.607888,120.609551
23.607791,120.609212
23.607954,120.608386
23.607908,120.607795
23.607652,120.607944
23.607495,120.607997
23.607180,120.608050
23.607190,120.607912
23.607211,120.607663
23.606751,120.608157
23.606655,120.608380
23.606830,120.608482
23.606524,120.608543
23.606482,120.608530
23.606385,120.607981
23.606664,120.607921
23.606596,120.606638
23.606756,120.606274
23.607054,120.605123
23.604743,120.606222
23.607340,120.576651
23.607407,120.577118
23.607485,120.577508
23.607633,120.577860
23.607357,120.577798
23.607063,120.577695
23.607524,120.576474
23.608201,120.576584
23.608478,120.576635
23.608927,120.576661
23.609185,120.576883
23.609487,120.577251
23.609707,120.578037
23.609817,120.578450
23.609997,120.578881
23.610172,120.579236
23.610842,120.579726
23.611164,120.579919
23.610742,120.579807
23.610528,120.579658
23.610377,120.579655
23.611478,120.580150
23.611752,120.580323
23.612024,120.580580
23.612140,120.580874
23.612289,120.581210
23.612039,120.581225
23.611911,120.581171
23.611624,120.581356
23.611451,120.581514
23.612538,120.581498
23.612864,120.581582
23.612917,120.581773
23.612441,120.581653
23.612322,120.581897
23.612580,120.581918
23.585617,120.602826
23.612552,120.582460
23.612830,120.582515
23.613291,120.582335
23.613587,120.582249
23.613837,120.582243
23.612160,120.582886
23.612838,120.582766
23.612968,120.582698
23.613163,120.582930
23.613005,120.583432
23.613115,120.583916
23.613368,120.583901
23.613719,120.583829
23.613134,120.584350
23.613343,120.584373
23.612975,120.584881
23.613276,120.585102
23.613527,120.585085
23.613101,120.585959
23.612920,120.585872
23.612967,120.586332
23.584641,120.599897
23.611984,120.592788
23.606696,120.608518
23.606591,120.607971
23.606429,120.607706
23.604951,120.607013
23.604759,120.607001
23.604611,120.607295
23.604721,120.607458
23.604813,120.607570
23.604979,120.607627
23.605302,120.607934
23.605058,120.608615
23.605257,120.608615
23.604969,120.608689
23.604249,120.609290
23.603917,120.609357
23.603555,120.609469
23.603485,120.609883
23.603770,120.610090
23.603678,120.610041
23.604126,120.610125
23.604252,120.610087
23.604585,120.610017
23.604272,120.609596
23.604363,120.609943
23.604663,120.609956
23.605062,120.610132
23.605058,120.610148
23.605338,120.610151
23.605028,120.610414
23.604713,120.610249
23.605461,120.609933
23.605271,120.609813
23.605195,120.609707
23.605273,120.609583
23.604972,120.609764
23.604883,120.609552
23.605726,120.609268
23.605261,120.609405
23.605621,120.608593
23.605526,120.608800
23.605582,120.608425
23.605435,120.608160
23.605155,120.607507
23.604932,120.607354
23.605479,120.607660
23.605607,120.607499
23.605582,120.607302
23.605338,120.607242
23.606133,120.607994
23.606356,120.608578
23.605984,120.608603
23.606215,120.609007
23.606233,120.609243
23.606330,120.609431
23.606572,120.609423
23.606026,120.609672
23.605915,120.609860
23.605658,120.610119
23.605327,120.610451
23.605166,120.610644
23.605027,120.610983
23.604950,120.611228
23.604095,120.613551
23.604406,120.613376
23.604933,120.613337
23.604854,120.613568
23.604634,120.614041
23.604728,120.614253
23.604384,120.614042
23.604296,120.614219
23.604244,120.614483
23.604335,120.614759
23.604141,120.615086
23.598871,120.614133
23.598612,120.614032
23.598995,120.613982
23.599114,120.613772
23.598878,120.613924
23.598877,120.613630
23.598967,120.613238
23.598703,120.614450
23.598513,120.614836
23.597706,120.612497
23.597549,120.612294
23.603815,120.589694
23.604050,120.590115
23.603987,120.590285
23.603775,120.590480
23.603276,120.590193
23.603109,120.590565
23.603288,120.590683
23.603449,120.590805
23.602888,120.590860
23.602619,120.590574
23.602700,120.590671
23.602661,120.591249
23.602528,120.591622
23.602912,120.591812
23.602471,120.591957
23.602156,120.591958
23.601858,120.592147
23.601948,120.591856
23.602241,120.592232
23.610355,120.609640
23.603155,120.593046
23.603672,120.593024
23.603926,120.593222
23.604058,120.593313
23.601990,120.593146
23.601734,120.593000
23.601901,120.593454
23.601708,120.594012
23.601585,120.594304
23.601341,120.594450
23.601187,120.594569
23.601189,120.594209
23.602047,120.594738
23.602263,120.594543
23.602279,120.594278
23.602573,120.594470
23.602870,120.594513
23.603077,120.594438
23.603416,120.594201
23.603406,120.594043
23.601935,120.595249
23.602084,120.595351
23.600999,120.595791
23.600905,120.596524
23.601167,120.596761
23.599798,120.596393
23.600159,120.597471
23.600356,120.597605
23.600595,120.597791
23.599422,120.599330
23.599733,120.599283
23.599173,120.600319
23.597175,120.601551
23.596889,120.602176
23.598808,120.605344
23.598725,120.605588
23.598634,120.605675
23.598260,120.605972
23.598044,120.606161
23.597872,120.606377
23.597436,120.607236
23.605870,120.608224
23.597205,120.607636
23.597589,120.606789
23.597748,120.612202
23.597609,120.612066
23.597517,120.611865
23.597174,120.611692
23.596988,120.611616
23.596615,120.611775
23.597483,120.611962
23.600706,120.594879
23.600128,120.594735
23.599027,120.593674
23.599121,120.593384
23.604203,120.576995
23.605069,120.576715
23.605434,120.577027
23.605291,120.576842
23.605136,120.575903
23.605233,120.576169
23.605212,120.576443
23.605159,120.576239
23.605423,120.574909
23.605194,120.608206
23.612091,120.592191
23.612001,120.592513
23.611796,120.592559
23.611674,120.593047
23.610302,120.598308
23.609882,120.598350
23.609764,120.598371
23.609511,120.598632
23.609243,120.598378
23.609043,120.598140
23.608915,120.597980
23.608508,120.598094
23.608238,120.598056
23.608145,120.598255
23.612597,120.605329
23.612682,120.607291
23.612705,120.607564
23.612780,120.607978
23.611271,120.609228
23.611066,120.609382
23.611758,120.608674
23.610694,120.609382
23.606078,120.608547
23.605870,120.608224
23.605867,120.609273
23.605447,120.609297
23.605329,120.609059
23.603468,120.593231
23.602557,120.591968
23.604059,120.590608
23.600210,120.596694
23.598728,120.596878
23.599006,120.599873
23.599511,120.603877
23.599726,120.603942
23.597146,120.607739
23.607809,120.576542
23.611533,120.609159
23.605391,120.607747
23.603359,120.609749
23.599066,120.593434
23.602019,120.595232
23.602744,120.590725
23.613095,120.582293
23.613486,120.586565
23.612481,120.582818
23.612074,120.606739
23.613209,120.601041
23.597567,120.612232
23.604801,120.614249
23.597767,120.606571
23.605835,120.608674
23.605447,120.607973
23.612127,120.608558
23.605950,120.607434
23.607302,120.576304
23.605442,120.577416
23.604490,120.576788
23.598212,120.629985
23.597728,120.629967
23.597354,120.629787
23.597252,120.629542
23.602161,120.634444
23.604223,120.632105
23.604472,120.632559
23.607970,120.631354
23.607863,120.631105
23.607729,120.631267
23.607779,120.631635
23.608170,120.631864
23.608475,120.631944
23.608732,120.632090
23.608510,120.632449
23.611002,120.633454
23.611002,120.633454
23.610928,120.633380
23.610763,120.633258
23.612585,120.632458
23.613015,120.632915
23.612977,120.633280
23.612873,120.634375
23.612329,120.634203
23.612305,120.634508
23.612241,120.634939
23.611986,120.635141
23.607589,120.630836
23.607279,120.630687
23.606065,120.630330
23.606008,120.630272
23.605957,120.630009
23.606104,120.630685
23.606104,120.630685
23.606180,120.630940
23.606640,120.631864
23.606566,120.632257
23.606551,120.632665
23.606338,120.633015
23.606261,120.633488
23.606594,120.633836
23.606847,120.634933
23.606983,120.635198
23.607068,120.635542
23.607160,120.636173
23.606743,120.636575
23.606365,120.636301
23.606114,120.636203
23.606598,120.636768
23.606262,120.636625
23.605900,120.636711
23.605567,120.636779
23.605042,120.636758
23.604531,120.637237
23.604456,120.637729
23.604389,120.638125
23.604069,120.638321
23.603843,120.638701
23.603683,120.639080
23.603546,120.639485
23.603300,120.639875
23.603309,120.640280
23.603642,120.639971
23.603895,120.639638
23.605362,120.638691
23.605955,120.639059
23.605496,120.639005
23.606528,120.639374
23.607197,120.639074
23.607401,120.639426
23.607290,120.639629
23.607300,120.639936
23.607074,120.640018
23.606797,120.640355
23.606737,120.640377
23.607696,120.639397
23.607928,120.639736
23.608516,120.640090
23.608830,120.640229
23.609272,120.640085
23.609590,120.639630
23.609804,120.638996
23.609788,120.638842
23.609543,120.638398
23.609983,120.639454
23.610019,120.639925
23.609961,120.640232
23.609919,120.640552
23.609940,120.641079
23.610143,120.641544
23.610209,120.642008
23.610294,120.642436
23.610455,120.642867
23.610691,120.643278
23.610900,120.643659
23.611059,120.644044
23.611325,120.644448
23.611504,120.644855
23.611740,120.645220
23.611664,120.645571
23.611062,120.645107
23.610814,120.644771
23.610540,120.644387
23.610297,120.643993
23.610053,120.643587
23.609843,120.643280
23.609533,120.642836
23.609292,120.642418
23.608951,120.642158
23.608217,120.641853
23.608395,120.641645
23.608261,120.641713
23.608002,120.641797
23.607619,120.642480
23.607365,120.642677
23.607209,120.642889
23.607054,120.643055
23.606869,120.643307
23.606790,120.643856
23.607037,120.643913
23.607250,120.643964
23.607462,120.643946
23.607808,120.644010
23.608090,120.643865
23.607949,120.643514
23.608047,120.643348
23.608315,120.643153
23.607956,120.642694
23.608341,120.643528
23.608548,120.643278
23.608246,120.643956
23.608280,120.644051
23.607214,120.644386
23.607162,120.644987
23.607588,120.644823
23.607888,120.644871
23.608272,120.644995
23.608272,120.644995
23.608258,120.644857
23.608258,120.644857
23.607385,120.644876
23.610245,120.638414
23.610460,120.639034
23.610499,120.639241
23.610499,120.639241
23.611377,120.640296
23.611625,120.640729
23.611951,120.641112
23.612239,120.641461
23.612551,120.641901
23.612685,120.642401
23.612918,120.642743
23.613544,120.644065
23.613728,120.644339
23.614301,120.644961
23.614777,120.645172
23.615206,120.645403
23.615545,120.645644
23.616308,120.644814
23.616364,120.644617
23.616924,120.644080
23.617056,120.643726
23.617116,120.643367
23.617261,120.642859
23.616671,120.642478
23.616548,120.642662
23.616319,120.643063
23.617605,120.643709
23.617973,120.642951
23.618637,120.642656
23.618881,120.642959
23.618998,120.643242
23.618984,120.643405
23.619169,120.643465
23.619141,120.643791
23.618639,120.644340
23.618246,120.644241
23.618930,120.644487
23.618728,120.644655
23.619112,120.644405
23.619370,120.644438
23.619643,120.644434
23.619624,120.644238
23.618896,120.645084
23.618464,120.645624
23.618786,120.645450
23.619121,120.645331
23.619467,120.645604
23.619446,120.645632
23.619098,120.645656
23.618472,120.646127
23.618127,120.646291
23.617943,120.646697
23.617863,120.646941
23.617963,120.647185
23.617915,120.647414
23.618199,120.645069
23.618530,120.642293
23.618215,120.641367
23.618502,120.640379
23.618694,120.639651
23.619106,120.639572
23.619290,120.639238
23.619333,120.639018
23.619098,120.639131
23.618960,120.639351
23.620397,120.639155
23.621409,120.639156
23.622635,120.639920
23.622840,120.640387
23.622560,120.640342
23.624672,120.640878
23.624771,120.641272
23.624954,120.641693
23.624906,120.641579
23.627419,120.643054
23.627136,120.642834
23.626947,120.642357
23.627360,120.642604
23.627082,120.642480
23.622087,120.639578
23.621345,120.638882
23.621269,120.638618
23.620954,120.638752
23.620900,120.638848
23.620490,120.638889
23.620582,120.638854
23.620259,120.638743
23.610424,120.638793
23.608437,120.642279
23.608478,120.642507
23.608701,120.642608
23.608529,120.644362
23.608482,120.644550
23.607481,120.642016
23.607185,120.642068
23.607030,120.642125
23.610178,120.638029
23.610225,120.637833
23.624338,120.640696
23.624190,120.640504
23.624009,120.640140
23.623738,120.639883
23.623621,120.639778
23.622687,120.639770
23.622504,120.639646
23.607057,120.639471
23.604707,120.639607
23.604595,120.639804
23.604366,120.640086
23.604177,120.640089
23.611987,120.631897
23.611532,120.630930
23.612060,120.632076
23.611820,120.635317
23.611409,120.635800
23.611521,120.635684
23.601286,120.626121
23.601761,120.625911
23.617700,120.646627
23.618738,120.645767
23.618369,120.645887
23.617770,120.645589
23.622749,120.640498
23.618950,120.639076
23.610948,120.639834
23.620293,120.639207
23.602585,120.626474
23.601268,120.625979
23.610555,120.638930
23.619207,120.644134
23.608576,120.642704
23.607835,120.644973
23.607544,120.645121
23.608597,120.644516
23.606739,120.643528
23.608396,120.642241
23.605160,120.643468
23.607761,120.643468
23.608088,120.643668
23.607543,120.642221
23.607850,120.642515
23.607841,120.642720
23.609120,120.644459
23.610690,120.638568
23.610651,120.638730
23.607012,120.640393
23.606224,120.639310
23.605831,120.639092
23.600176,120.645736
23.607210,120.643437
23.610206,120.642105
23.617064,120.642528
23.616930,120.643250
23.613091,120.633065
23.606916,120.630641
23.612374,120.634080
23.597632,120.643434
23.615929,120.645231
23.606711,120.634325
23.616156,120.644878
23.610412,120.638962
23.605652,120.678861
23.605527,120.679452
23.605314,120.679912
23.605397,120.680670
23.605315,120.680278
23.605478,120.680281
23.605617,120.680500
23.605606,120.680885
23.605607,120.681613
23.605833,120.681793
23.606591,120.686412
23.606526,120.686526
23.605515,120.687713
23.606167,120.687701
23.590563,120.691867
23.590457,120.691325
23.588368,120.692810
23.588593,120.692452
23.588803,120.692256
23.589264,120.691850
23.589567,120.691499
23.589578,120.691068
23.589590,120.690806
23.589127,120.691809
23.589410,120.691399
23.589363,120.691311
23.588065,120.692617
23.585190,120.692603
23.585058,120.692694
23.585167,120.692853
23.585330,120.692991
23.587548,120.693822
23.587596,120.693700
23.587276,120.693968
23.587387,120.693615
23.584732,120.696999
23.584916,120.694528
23.584146,120.693198
23.584315,120.692927
23.583875,120.694040
23.583669,120.694151
23.583527,120.694093
23.586444,120.690171
23.586535,120.690315
23.586764,120.690232
23.586227,120.689151
23.586468,120.689120
23.586722,120.689299
23.586813,120.689454
23.583344,120.689960
23.583072,120.689991
23.583033,120.689728
23.583037,120.689692
23.582901,120.689650
23.579281,120.690646
23.580153,120.687275
23.582118,120.695277
23.581873,120.695328
23.581642,120.695426
23.581436,120.695678
23.581791,120.695722
23.582192,120.695694
23.581788,120.695909
23.581653,120.696166
23.581495,120.696484
23.579990,120.697791
23.579739,120.698003
23.579404,120.698310
23.579207,120.698638
23.578989,120.698394
23.580142,120.696982
23.582768,120.694390
23.582928,120.694133
23.583284,120.694478
23.582544,120.693707
23.590697,120.700258
23.590358,120.700303
23.590018,120.700124
23.589591,120.699926
23.588994,120.699424
23.588682,120.699157
23.588411,120.699143
23.588102,120.699190
23.587835,120.698924
23.589234,120.699877
23.589373,120.700758
23.577996,120.703183
23.577990,120.702904
23.594650,120.700929
23.595521,120.701340
23.595866,120.701021
23.596226,120.701043
23.596703,120.700595
23.596572,120.700383
23.594286,120.701005
23.600938,120.696203
23.602310,120.697458
23.604538,120.706065
23.605165,120.706469
23.605682,120.706630
23.602200,120.705501
23.602345,120.705259
23.602345,120.705259
23.602225,120.705070
23.602443,120.705028
23.602704,120.707063
23.603221,120.707659
23.603159,120.708197
23.603280,120.708665
23.603280,120.708665
23.603287,120.709105
23.602937,120.708373
23.602368,120.707907
23.601658,120.708141
23.602074,120.708320
23.602447,120.708585
23.602656,120.709091
23.602946,120.709137
23.602941,120.707056
23.602941,120.707056
23.603404,120.707332
23.603529,120.708212
23.604844,120.708152
23.605605,120.709060
23.605568,120.709291
23.605459,120.709643
23.606094,120.710129
23.606001,120.710371
23.605362,120.708258
23.605494,120.708202
23.605707,120.708801
23.606030,120.708444
23.605880,120.708230
23.606396,120.708900
23.606114,120.709130
23.606507,120.708913
23.606862,120.708839
23.606909,120.708937
23.607835,120.709551
23.607958,120.709662
23.608031,120.709994
23.608288,120.709816
23.608690,120.709788
23.609643,120.709480
23.610032,120.709635
23.608811,120.711022
23.608451,120.711638
23.608413,120.711791
23.609054,120.712092
23.608965,120.711840
23.607632,120.710057
23.602756,120.691955
23.606634,120.689113
23.606865,120.688985
23.607166,120.688900
23.606399,120.689213
23.606704,120.688883
23.607031,120.688755
23.605072,120.677038
23.605873,120.680089
23.605943,120.680476
23.606129,120.679992
23.606556,120.680592
23.607059,120.680587
23.607538,120.680504
23.605878,120.679760
23.578144,120.709090
23.577898,120.708920
23.577678,120.708682
23.577116,120.708399
23.576767,120.708334
23.576562,120.708362
23.576344,120.708149
23.577652,120.708046
23.577282,120.707948
23.577302,120.707984
23.580234,120.708134
23.580173,120.708056
23.581296,120.709966
23.581315,120.709817
23.582756,120.708081
23.582991,120.708469
23.582785,120.708289
23.583261,120.708730
23.582575,120.707758
23.589596,120.695384
23.589550,120.695600
23.589519,120.695656
23.608563,120.711362
23.607649,120.709248
23.607550,120.709772
23.607088,120.708997
23.592844,120.694676
23.593176,120.694939
23.593589,120.694889
23.593755,120.694789
23.594007,120.694808
23.594194,120.695088
23.590572,120.691552
23.6022630,120.708047
23.602815,120.708220
23.605788,120.679463
23.607540,120.680314
23.606372,120.680846
23.595598,120.676936
23.595420,120.677303
23.595975,120.677308
23.596874,120.678554
23.596624,120.677759
23.596835,120.678195
23.584987,120.696502
23.584627,120.696795
23.584781,120.697297
23.585025,120.697548
23.582473,120.725579
23.582693,120.725522
23.582944,120.725719
23.605691,120.712256
23.622557,120.720045
23.622772,120.720043
23.605348,120.708032
23.589452,120.690741
23.589221,120.691955
23.606747,120.708614
23.610441,120.707960
23.610497,120.708244
23.610778,120.708109
23.605910,120.708228
23.668922,120.578860
23.669274,120.578828
23.669582,120.578634
23.669951,120.578622
23.670164,120.578906
23.670394,120.579232
23.670702,120.579473
23.671022,120.579713
23.671290,120.579974
23.671512,120.580223
23.671806,120.580677
23.672025,120.580850
23.672203,120.581147
23.672418,120.581487
23.672634,120.581776
23.672890,120.582154
23.673077,120.582419
23.673255,120.582738
23.671474,120.578339
23.671166,120.578028
23.671276,120.577758
23.671676,120.577692
23.672000,120.577415
23.673375,120.576282
23.672638,120.576657
23.672281,120.576857
23.671982,120.577038
23.671645,120.577151
23.671230,120.577483
23.670826,120.577708
23.668762,120.578850
23.612843,120.592895
23.612995,120.592800
23.613009,120.592782
23.613318,120.592718
23.613840,120.592590
23.614161,120.592697
23.614416,120.593012
23.614079,120.593001
23.613897,120.593103
23.614355,120.593428
23.614634,120.593386
23.614484,120.593578
23.614008,120.593825
23.613784,120.593938
23.613600,120.594438
23.614040,120.594526
23.614375,120.694135
23.614674,120.593617
23.614615,120.592987
23.614705,120.593920
23.614526,120.594060
23.614239,120.594331
23.613925,120.594629
23.613769,120.594705
23.614265,120.594101
23.613830,120.594192
23.614130,120.592486
23.611365,120.595575
23.611708,120.594972
23.612031,120.594486
23.612865,120.593944
23.614310,120.592935
23.614674,120.592658
23.613629,120.592618
23.613729,120.595122
23.613489,120.594925
23.613024,120.595235
23.613261,120.595597
23.612933,120.595929
23.613238,120.596248
23.613172,120.596497
23.613130,120.596951
23.613382,120.596636
23.613451,120.596885
23.613669,120.597141
23.613813,120.597736
23.613619,120.596778
23.613607,120.595331
23.614411,120.596084
23.014706,120.595856
23.614009,120.595493
23.614810,120.593933
23.617709,120.592937
23.617139,120.592641
23.616678,120.592579
23.616401,120.592559
23.614712,120.592670
23.614100,120.593743
23.613491,120.594255
23.613294,120.594073
23.613483,120.593754
23.613533,120.593459
23.613626,120.593410
23.612474,120.594662
23.612257,120.594775
23.612166,120.594427
23.612369,120.594400
23.610955,120.596274
23.611607,120.597210
23.611409,120.596921
23.611176,120.596203
23.650502,120.552725
23.635976,120.574387
23.635715,120.574259
23.635605,120.573994
23.635531,120.574233
23.634876,120.573815
23.634156,120.573874
23.636554,120.571642
23.636552,120.573958
23.636176,120.571950
23.634650,120.572618
23.633917,120.572946
23.633936,120.573306
23.634632,120.574184
23.635143,120.574087
23.636457,120.574328
23.636569,120.573402
23.636653,120.572973
23.636905,120.572318
23.636980,120.571947
23.638788,120.570102
23.634786,120.574170
23.633849,120.574053
23.634299,120.573547
23.634549,120.573346
23.634818,120.573223
23.635150,120.572943
23.635413,120.572799
23.635679,120.572460
23.636042,120.572255
23.637309,120.571029
23.637693,120.571034
23.638175,120.570833
23.638587,120.570496
23.639127,120.569776
23.639414,120.569522
23.639654,120.568996
23.639846,120.568571
23.639995,120.568267
23.636483,120.570264
23.636871,120.570372
23.637778,120.570361
23.640283,120.567979
23.640097,120.507796
23.640377,120.567541
23.640675,120.567316
23.641201,120.566701
23.641325,120.566640
23.641325,120.566640
23.641618,120.566392
23.657970,120.551761
23.657801,120.552088
23.657556,120.552236
23.657613,120.552704
23.657366,120.553312
23.657212,120.553721
23.657128,120.553985
23.657016,120.554503
23.656810,120.554954
23.656771,120.555562
23.656424,120.556022
23.656391,120.556359
23.656086,120.556771
23.656059,120.557128
23.655931,120.557573
23.655697,120.558053
23.655563,120.558459
23.655490,120.558823
23.655333,120.559269
23.626622,120.557104
23.626500,120.556932
23.624912,120.554027
23.625984,120.556136
23.626483,120.556878
23.625724,120.555850
23.625706,120.555868
23.625662,120.555751
23.625406,120.555455
23.625223,120.555256
23.625217,120.555103
23.618658,120.645535
23.618346,120.645344
23.618228,120.645130
23.619912,120.644588
23.619886,120.644464
23.616509,120.642589
23.617698,120.642532
23.605468,120.639309
23.605190,120.639590
23.599765,120.631589
23.612833,120.605330
23.611822,120.593540
23.600300,120.622225
23.620648,120.638937
23.623101,120.640276
23.623451,120.640374
23.623793,120.640528
23.624226,120.640839
23.624613,120.641319
23.624690,120.640989
23.624840,120.641972
23.621277,120.638887
23.619708,120.638806
23.618067,120.640790
23.617170,120.644037
23.576338,120.708145
23.587983,120.694292
23.590287,120.692090
23.608160,120.677381
23.608172,120.677049
23.605908,120.680518
23.600014,120.594835
23.599990,120.595012
23.600889,120.595932
23.603467,120.590315
23.611627,120.598415
23.610512,120.537832
23.605851,120.543722
23.603543,120.545596
23.603746,120.545854
23.603322,120.545873
23.603596,120.546211
23.603695,120.545557
23.597503,120.549484
23.597167,120.549381
23.596737,120.549455
23.594453,120.549697
23.594590,120.550069
23.602565,120.545742
23.607842,120.543204
23.602084,120.544186
23.602262,120.543585
23.602235,120.543292
23.602309,120.543810
23.665689,120.578118
23.665884,120.578430
23.665922,120.578375
23.655650,120.597769
23.630894,120.613135
23.630779,120.612822
23.630732,120.612762
23.631531,120.612854
23.631272,120.612904
23.602859,120.544296
23.602367,120.544366
23.602613,120.546057
23.602447,120.546146
23.602585,120.546235
23.602594,120.545975
23.602623,120.546071
23.601962,120.546188
23.602024,120.545601
23.602853,120.544359
23.603251,120.544909
23.602979,120.544572
23.602611,120.544514
23.602989,120.545601
23.595431,120.544243
23.596033,120.537800
23.596264,120.537596
23.595789,120.538341
23.595260,120.543222
23.595266,120.543418
23.595379,120.544616
23.595574,120.547805
23.595759,120.548283
23.595636,120.548410
23.595632,120.549006
23.595822,120.649611
23.586635,120.554540
23.595789,120.549017
23.595666,120.548579
23.595678,120.547988
23.595664,120.547609
23.595536,120.546556
23.595460,120.546273
23.595519,120.545987
23.595433,120.545623
23.595341,120.545303
23.594938,120.543662
23.594525,120.543911
23.594409,120.544194
23.594310,120.544735
23.594255,120.545112
23.635426,120.609655
23.635310,120.609385
23.635814,120.609921
23.633745,120.612157
23.632375,120.612966
23.632134,120.612704
23.632456,120.613186
23.630634,120.613387
23.631749,120.612552
23.630809,120.613654
23.630507,120.614559
23.629770,120.614165
23.629890,120.613853
23.629906,120.613189
23.629875,120.613440
23.629936,120.613529
23.629227,120.613341
23.628518,120.613372
23.627171,120.614535
23.627343,120.614832
23.630193,120.614104
23.631002,120.623009
23.634470,120.622471
23.634741,120.622531
23.640907,120.619988
23.641299,120.619906
23.641162,120.619980
23.640510,120.619863
23.639913,120.619500
23.640478,120.621139
23.640460,120.621325
23.640678,120.621302
23.641616,120.621068
23.641331,120.621081
23.641849,120.620720
23.641700,120.620810
23.641469,120.620963
23.641020,120.621204
23.640763,120.621031
23.640840,120.620678
23.640818,120.620301
23.641639,120.618100
23.641949,120.617961
23.648702,120.612735
23.648913,120.612687
23.648566,120.613067
23.648900,120.615833
23.649050,120.615660
23.648839,120.615385
23.648435,120.615414
23.646696,120.615470
23.646549,120.615299
23.648864,120.612827
23.648469,120.613755
23.648439,120.613535
23.635580,120.610238
23.649081,120.612576
23.648344,120.612514
23.647969,120.612274
23.647582,120.612507
23.649310,120.611710
23.649264,120.611577
23.651954,120.612871
23.652339,120.612738
23.652741,120.612680
23.651497,120.613034
23.651288,120.614654
23.651005,120.614441
23.651687,120.614738
23.651878,120.614784
23.651853,120.614503
23.651184,120.614086
23.651020,120.613928
23.651009,120.613639
23.651029,120.613231
23.651836,120.613219
23.652235,120.606691
23.656091,120.600804
23.655999,120.598790
23.656082,120.598522
23.656437,120.598643
23.656237,120.591973
23.656549,120.591704
23.656723,120.591896
23.660049,120.549351
23.659983,120.549223
23.658581,120.550458
23.658712,120.551194
23.658915,120.551384
23.658495,120.551204
23.658293,120.551308
23.659124,120.551005
23.659405,120.550874
23.659359,120.550394
23.659501,120.550460
23.659904,120.550167
23.660068,120.549705
23.659729,120.549238
23.659647,120.549103
23.659542,120.549141
23.658663,120.549186
23.657961,120.549125
23.658015,120.549447
23.658247,120.549214
23.656509,120.592287
23.657858,120.590526
23.658740,120.590410
23.659070,120.590998
23.659196,120.591106
23.658314,120.590363
23.658363,120.590176
23.659990,120.589331
23.660967,120.590540
23.660972,120.591018
23.660894,120.591150
23.661250,120.591736
23.661650,120.592229
23.661635,120.592555
23.661599,120.591944
23.661753,120.590891
23.661438,120.591009
23.667077,120.584695
23.667240,120.583778
23.667480,120.583537
23.667745,120.583026
23.667337,120.582718
23.666939,120.584812
23.667169,120.584778
23.666732,120.585643
23.666514,120.586082
23.666436,120.586571
23.666502,120.587046
23.666787,120.587588
23.660938,120.590061
23.660819,120.589671
23.672203,120.576802
23.680711,120.590793
23.665442,120.585128
23.667980,120.582832
23.668081,120.582643
23.668208,120.582260
23.668342,120.581952
23.655166,120.581990
23.669216,120.578784
23.667734,120.578695
23.654478,120.584119
23.654327,120.584697
23.654243,120.585078
23.653775,120.587020
23.654458,120.584306
23.654785,120.583194
23.655286,120.582099
23.655275,120.582409
23.655312,120.582448
23.657577,120.549134
23.657876,120.549174
23.658420,120.549561
23.658829,120.549523
23.658776,120.549530
23.658592,120.549999
23.658466,120.550170
23.658698,120.550275
23.655783,120.550733
23.656128,120.550765
23.657492,120.550764
23.657738,120.550831
23.657606,120.551012
23.658057,120.550702
23.653289,120.607071
23.655417,120.605202
23.655640,120.605535
23.656105,120.605407
23.656236,120.605827
23.656279,120.606322
23.667713,120.583069
23.665652,120.584708
23.666864,120.582597
23.666599,120.582270
23.658885,120.573207
23.656529,120.577059
23.656389,120.578039
23.655421,120.581594
23.655645,120.581234
23.655777,120.580901
23.656315,120.580751
23.656389,120.580393
23.660350,120.571512
23.656325,120.579155
23.657683,120.550735
23.657172,120.550575
23.656970,120.550532
23.656739,120.550571
23.656432,120.550656
23.657938,120.551312
23.657371,120.551716
23.657555,120.551125
23.657303,120.550964
23.657213,120.551262
23.655463,120.550736
23.659401,120.549772
23.666441,120.545101
23.666394,120.545437
23.666484,120.545735
23.666830,120.545720
23.666521,120.546939
23.666600,120.547575
23.666691,120.548442
23.599564,120.533922
23.598735,120.534750
23.600289,120.533608
23.600333,120.533600
23.600351,120.532733
23.600602,120.533142
23.600955,120.532881
23.601089,120.531470
23.600790,120.531962
23.600939,120.532126
23.601158,120.532317
23.600847,120.532370
23.600025,120.533193
23.599119,120.533760
23.599248,120.534007
23.618064,120.532281
23.617726,120.532337
23.619590,120.532540
23.618409,120.533212
23.618555,120.533523
23.618542,120.533864
23.667547,120.541441
23.667898,120.541893
23.667321,120.542151
23.667130,120.542502
23.667117,120.542940
23.666893,120.543258
23.666669,120.543973
23.666485,120.544275
23.666385,120.544699
23.666685,120.545734
23.666602,120.549374
23.666463,120.550002
23.666260,120.550357
23.666134,120.550885
23.666049,120.551823
23.665960,120.552308
23.665152,120.558077
23.664764,120.558017
23.665805,120.552781
23.665781,120.553225
23.665751,120.553598
23.665708,120.553958
23.665580,120.554391
23.665577,120.554894
23.665496,120.555324
23.665390,120.555757
23.665374,120.556208
23.665285,120.556666
23.665345,120.557093
23.665158,120.557438
23.665035,120.557686
23.613233,120.643402
23.618212,120.642865
23.624972,120.642355
23.613112,120.642680
23.612578,120.641580
23.604141,120.639175
23.606319,120.630393
23.617380,120.540953
23.617518,120.541091
23.617046,120.541146
23.617499,120.541477
23.617621,120.541809
23.617283,120.540363
23.618105,120.537361
23.618350,120.534079
23.618469,120.534438
23.618270,120.536468
23.618198,120.536982
23.617972,120.538153
23.616920,120.538982
23.616896,120.539387
23.616669,120.539970
23.616930,120.540933
23.616938,120.540810
23.616644,120.541006
23.617637,120.539243
23.617914,120.539591
23.617946,120.539314
23.617884,120.539039
23.617617,120.538079
23.617294,120.537826
23.617505,120.537867
23.617564,120.537913
23.617967,120.538255
23.618070,120.539700
23.618365,120.538954
23.618352,120.538629
23.618578,120.538646
23.618471,120.538377
23.618399,120.537977
23.617957,120.540179
23.618286,120.537850
23.621706,120.532257
23.630749,120.531894
23.631174,120.531517
23.631123,120.531650
23.626298,120.532955
23.618258,120.539324
23.619556,120.537479
23.619825,120.537170
23.620283,120.534600
23.620337,120.534279
23.620439,120.533178
23.620413,120.533497
23.617885,120.538457
23.617998,120.538417
23.618265,120.538502
23.617411,120.538851
23.611690,120.595325
23.611134,120.596647
23.613718,120.595020
23.599889,120.533962
23.637526,120.570490
23.636876,120.571065
23.658579,120.593595
23.658561,120.593600
23.658608,120.593065
23.661387,120.593266
23.660853,120.593517
23.661135,120.593492
23.661722,120.593088
23.693983,120.590661
23.694292,120.590916
23.694539,120.591127
23.693618,120.589917
23.693600,120.589947
23.692757,120.589287
23.692595,120.588980
23.692251,120.587906
23.691993,120.587977
23.691836,120.587652
23.691189,120.586821
23.691151,120.586341
23.692085,120.585251
23.690860,120.585197
23.690677,120.584654
23.690545,120.588464
23.690422,120.588771
23.691402,120.586746
23.690279,120.589794
23.690331,120.589848
23.602660,120.543583
23.690647,120.587850
23.690837,120.587669
23.691095,120.587303
23.680288,120.572373
23.680534,120.572479
23.679731,120.572657
23.679456,120.572903
23.679196,120.572971
23.655015,120.559688
23.625214,120.555161
23.624369,120.554068
23.616766,120.540306
23.616881,120.540245
23.627642,120.548702
23.627940,120.548097
23.628442,120.547942
23.628241,120.548014
23.628539,120.547281
23.628801,120.546596
23.629041,120.546241
23.629149,120.545907
23.629419,120.545542
23.625555,120.542391
23.629738,120.544782
23.629865,120.544519
23.630051,120.544194
23.630239,120.543894
23.630412,120.543537
23.630514,120.543160
23.630710,120.542724
23.630907,120.542467
23.631538,120.541388
23.631712,120.541182
23.631799,120.540884
23.631997,120.540547
23.632184,120.540211
23.632441,120.539843
23.627878,120.548307
23.624246,120.550036
23.603289,120.532633
23.603578,120.532375
23.604110,120.531643
23.604107,120.529927
23.604027,120.529920
23.603907,120.530084
23.603766,120.531176
23.603719,120.531525
23.601911,120.532216
23.602261,120.532141
23.604832,120.530603
